Handle,Title,Body (HTML),Vendor,Type,Tags,Published,Option1 Name,Option1 Value,Variant Inventory Qty,Variant Price,Variant Requires Shipping,Variant Taxable,Image Src,Image Position,Status
grocery-tycoon-tee,Grocery Tycoon Pixel Tee — Token Maxxer's,"<p><strong>&ldquo;Buy low, stack high, sell ripe.&rdquo;</strong></p><p>Run the produce empire on your chest — a pixel-art market stall for fans of spoilage-fighting tycoon sims. Original pixel-art design from Token Maxxer's Anonymous Game Studio. Printed big and bold, screen-print style.</p>",Token Maxxer's Anonymous Game Studio,T-Shirt,"pixel art tee, retro gaming tee, gamer shirt, gaming apparel, 8bit, video game fan, token maxxer, unisex shirt, graphic tee, geek gift, gamer gift, nerd fashion, tycoon, sim game, grocery",FALSE,Title,Default Title,0,20.00,TRUE,TRUE,https://timothy8901.github.io/practice-games/shirt-prints/grocery-tycoon-mockup.png,1,draft
theater-of-the-undead-tee,Theater of the Undead Pixel Tee — Token Maxxer's,"<p><strong>&ldquo;Round 100 or your money back.&rdquo;</strong></p><p>Round-based zombie survival, screen-printed. Blocky undead pixel art for horde-mode diehards. Original pixel-art design from Token Maxxer's Anonymous Game Studio. Printed big and bold, screen-print style.</p>",Token Maxxer's Anonymous Game Studio,T-Shirt,"pixel art tee, retro gaming tee, gamer shirt, gaming apparel, 8bit, video game fan, token maxxer, unisex shirt, graphic tee, geek gift, gamer gift, nerd fashion, zombie shirt, horror gaming, survival",FALSE,Title,Default Title,0,20.00,TRUE,TRUE,https://timothy8901.github.io/practice-games/shirt-prints/theater-of-the-undead-mockup.png,1,draft
elder-story-rpg-tee,Elder Story RPG Pixel Tee — Token Maxxer's,"<p><strong>&ldquo;Touch Grass? We Forged It.&rdquo;</strong></p><p>The Elder Quest knight — original 8-bit hero with sword, shield and plume. Original pixel-art design from Token Maxxer's Anonymous Game Studio. Printed big and bold, screen-print style.</p>",Token Maxxer's Anonymous Game Studio,T-Shirt,"pixel art tee, retro gaming tee, gamer shirt, gaming apparel, 8bit, video game fan, token maxxer, unisex shirt, graphic tee, geek gift, gamer gift, nerd fashion, rpg shirt, pixel knight, fantasy",FALSE,Title,Default Title,0,20.00,TRUE,TRUE,https://timothy8901.github.io/practice-games/shirt-prints/elder-story-rpg-mockup.png,1,draft
kirby-abilities-tee,Kirby Brawler Pixel Tee — Token Maxxer's,"<p><strong>&ldquo;Inhale your problems, punch the rest&rdquo;</strong></p><p>Inhale, copy, brawl. Original pink-puff fighter for platform-fighter fans. Original pixel-art design from Token Maxxer's Anonymous Game Studio. Printed big and bold, screen-print style.</p>",Token Maxxer's Anonymous Game Studio,T-Shirt,"pixel art tee, retro gaming tee, gamer shirt, gaming apparel, 8bit, video game fan, token maxxer, unisex shirt, graphic tee, geek gift, gamer gift, nerd fashion, platform fighter, brawler, cute gaming",FALSE,Title,Default Title,0,20.00,TRUE,TRUE,https://timothy8901.github.io/practice-games/shirt-prints/kirby-abilities-mockup.png,1,draft
kirby-rumble-tee,Kirby Brawler 2: Rumble Arena Pixel Tee — Token Maxxer's,"<p><strong>&ldquo;No tokens left unmaxxed.&rdquo;</strong></p><p>Top-down rumble arena — low-poly toy-fighter pixel art. Original pixel-art design from Token Maxxer's Anonymous Game Studio. Printed big and bold, screen-print style.</p>",Token Maxxer's Anonymous Game Studio,T-Shirt,"pixel art tee, retro gaming tee, gamer shirt, gaming apparel, 8bit, video game fan, token maxxer, unisex shirt, graphic tee, geek gift, gamer gift, nerd fashion, arena fighter, brawler, 3d game",FALSE,Title,Default Title,0,20.00,TRUE,TRUE,https://timothy8901.github.io/practice-games/shirt-prints/kirby-rumble-mockup.png,1,draft
street-driver-tee,Street Cruiser Pixel Tee — Token Maxxer's,"<p><strong>&ldquo;Real roads. Fake gas mileage.&rdquo;</strong></p><p>Real roads, fake mileage. Top-down pixel cruiser for driving-game fans. Original pixel-art design from Token Maxxer's Anonymous Game Studio. Printed big and bold, screen-print style.</p>",Token Maxxer's Anonymous Game Studio,T-Shirt,"pixel art tee, retro gaming tee, gamer shirt, gaming apparel, 8bit, video game fan, token maxxer, unisex shirt, graphic tee, geek gift, gamer gift, nerd fashion, driving game, car shirt, arcade racer",FALSE,Title,Default Title,0,20.00,TRUE,TRUE,https://timothy8901.github.io/practice-games/shirt-prints/street-driver-mockup.png,1,draft
robo-revolution-tee,Robo Revolution Pixel Tee — Token Maxxer's,"<p><strong>&ldquo;Some assembly required. Total domination included.&rdquo;</strong></p><p>Build it, battle it. Neon battle-bot pixel art for arena fans. Original pixel-art design from Token Maxxer's Anonymous Game Studio. Printed big and bold, screen-print style.</p>",Token Maxxer's Anonymous Game Studio,T-Shirt,"pixel art tee, retro gaming tee, gamer shirt, gaming apparel, 8bit, video game fan, token maxxer, unisex shirt, graphic tee, geek gift, gamer gift, nerd fashion, robot shirt, mech, arena battler",FALSE,Title,Default Title,0,20.00,TRUE,TRUE,https://timothy8901.github.io/practice-games/shirt-prints/robo-revolution-mockup.png,1,draft
punch-out-roguelike-tee,Punch-Out Roguelike Pixel Tee — Token Maxxer's,"<p><strong>&ldquo;One Run, One Glass Jaw&rdquo;</strong></p><p>One run, one glass jaw. Bold boxing-glove pixel art. Original pixel-art design from Token Maxxer's Anonymous Game Studio. Printed big and bold, screen-print style.</p>",Token Maxxer's Anonymous Game Studio,T-Shirt,"pixel art tee, retro gaming tee, gamer shirt, gaming apparel, 8bit, video game fan, token maxxer, unisex shirt, graphic tee, geek gift, gamer gift, nerd fashion, boxing shirt, roguelike, fighting game",FALSE,Title,Default Title,0,20.00,TRUE,TRUE,https://timothy8901.github.io/practice-games/shirt-prints/punch-out-roguelike-mockup.png,1,draft
bottomless-quordle-tee,Bottomless Quordle Pixel Tee — Token Maxxer's,"<p><strong>&ldquo;Six tries? Cute. Try forever.&rdquo;</strong></p><p>Six tries? Try forever. Endless letter-tile art for word nerds. Original pixel-art design from Token Maxxer's Anonymous Game Studio. Printed big and bold, screen-print style.</p>",Token Maxxer's Anonymous Game Studio,T-Shirt,"pixel art tee, retro gaming tee, gamer shirt, gaming apparel, 8bit, video game fan, token maxxer, unisex shirt, graphic tee, geek gift, gamer gift, nerd fashion, word game, puzzle shirt, wordle",FALSE,Title,Default Title,0,20.00,TRUE,TRUE,https://timothy8901.github.io/practice-games/shirt-prints/bottomless-quordle-mockup.png,1,draft
custom-uno-clone-tee,Custom UNO Clone Pixel Tee — Token Maxxer's,"<p><strong>&ldquo;Read 'Em, Stack 'Em, Swap 'Em&rdquo;</strong></p><p>Read 'em, stack 'em, swap 'em. House-rules card-game pixel art. Original pixel-art design from Token Maxxer's Anonymous Game Studio. Printed big and bold, screen-print style.</p>",Token Maxxer's Anonymous Game Studio,T-Shirt,"pixel art tee, retro gaming tee, gamer shirt, gaming apparel, 8bit, video game fan, token maxxer, unisex shirt, graphic tee, geek gift, gamer gift, nerd fashion, card game, party game, uno",FALSE,Title,Default Title,0,20.00,TRUE,TRUE,https://timothy8901.github.io/practice-games/shirt-prints/custom-uno-clone-mockup.png,1,draft
bakers-dozen-tee,Baker's Dozen Pixel Tee — Token Maxxer's,"<p><strong>&ldquo;Thirteen columns. Zero crumbs left behind.&rdquo;</strong></p><p>Thirteen columns, zero crumbs. Solitaire-meets-bakery pixel art. Original pixel-art design from Token Maxxer's Anonymous Game Studio. Printed big and bold, screen-print style.</p>",Token Maxxer's Anonymous Game Studio,T-Shirt,"pixel art tee, retro gaming tee, gamer shirt, gaming apparel, 8bit, video game fan, token maxxer, unisex shirt, graphic tee, geek gift, gamer gift, nerd fashion, solitaire, card game, puzzle",FALSE,Title,Default Title,0,20.00,TRUE,TRUE,https://timothy8901.github.io/practice-games/shirt-prints/bakers-dozen-mockup.png,1,draft
naruto-tic-tac-toe-tee,Ninja Tic-Tac-Toe Pixel Tee — Token Maxxer's,"<p><strong>&ldquo;Three in a row, silent as a shadow.&rdquo;</strong></p><p>Three in a row, silent as a shadow — shuriken X, swirl O. Original pixel-art design from Token Maxxer's Anonymous Game Studio. Printed big and bold, screen-print style.</p>",Token Maxxer's Anonymous Game Studio,T-Shirt,"pixel art tee, retro gaming tee, gamer shirt, gaming apparel, 8bit, video game fan, token maxxer, unisex shirt, graphic tee, geek gift, gamer gift, nerd fashion, ninja shirt, tic tac toe, anime gaming",FALSE,Title,Default Title,0,20.00,TRUE,TRUE,https://timothy8901.github.io/practice-games/shirt-prints/naruto-tic-tac-toe-mockup.png,1,draft
act-hunt-connect-tee,A.C.T. Hunt & Connect Pixel Tee — Token Maxxer's,"<p><strong>&ldquo;Connect the dots. Crush the curve.&rdquo;</strong></p><p>Connect the dots, crush the curve. Constellation-of-letters art for word hunters. Original pixel-art design from Token Maxxer's Anonymous Game Studio. Printed big and bold, screen-print style.</p>",Token Maxxer's Anonymous Game Studio,T-Shirt,"pixel art tee, retro gaming tee, gamer shirt, gaming apparel, 8bit, video game fan, token maxxer, unisex shirt, graphic tee, geek gift, gamer gift, nerd fashion, word game, test prep, vocabulary",FALSE,Title,Default Title,0,20.00,TRUE,TRUE,https://timothy8901.github.io/practice-games/shirt-prints/act-hunt-connect-mockup.png,1,draft
ap-hunt-connect-tee,A.P. Hunt & Connect Pixel Tee — Token Maxxer's,"<p><strong>&ldquo;Connect the dots, ace the test.&rdquo;</strong></p><p>Connect the dots, ace the test. Grad-cap word-grid pixel art. Original pixel-art design from Token Maxxer's Anonymous Game Studio. Printed big and bold, screen-print style.</p>",Token Maxxer's Anonymous Game Studio,T-Shirt,"pixel art tee, retro gaming tee, gamer shirt, gaming apparel, 8bit, video game fan, token maxxer, unisex shirt, graphic tee, geek gift, gamer gift, nerd fashion, word game, study shirt, vocabulary",FALSE,Title,Default Title,0,20.00,TRUE,TRUE,https://timothy8901.github.io/practice-games/shirt-prints/ap-hunt-connect-mockup.png,1,draft
stem-hunt-connect-tee,STEM Hunt & Connect Pixel Tee — Token Maxxer's,"<p><strong>&ldquo;Connect the dots, flex the smarts.&rdquo;</strong></p><p>Connect the dots, flex the smarts. Atom-and-letters pixel art. Original pixel-art design from Token Maxxer's Anonymous Game Studio. Printed big and bold, screen-print style.</p>",Token Maxxer's Anonymous Game Studio,T-Shirt,"pixel art tee, retro gaming tee, gamer shirt, gaming apparel, 8bit, video game fan, token maxxer, unisex shirt, graphic tee, geek gift, gamer gift, nerd fashion, stem shirt, science, word game",FALSE,Title,Default Title,0,20.00,TRUE,TRUE,https://timothy8901.github.io/practice-games/shirt-prints/stem-hunt-connect-mockup.png,1,draft
falling-word-hunt-tee,Falling Word Hunt Pixel Tee — Token Maxxer's,"<p><strong>&ldquo;Catch the words. Hoard the alphabet.&rdquo;</strong></p><p>Catch the words, hoard the alphabet. Falling letter-block pixel art. Original pixel-art design from Token Maxxer's Anonymous Game Studio. Printed big and bold, screen-print style.</p>",Token Maxxer's Anonymous Game Studio,T-Shirt,"pixel art tee, retro gaming tee, gamer shirt, gaming apparel, 8bit, video game fan, token maxxer, unisex shirt, graphic tee, geek gift, gamer gift, nerd fashion, word game, arcade, typing",FALSE,Title,Default Title,0,20.00,TRUE,TRUE,https://timothy8901.github.io/practice-games/shirt-prints/falling-word-hunt-mockup.png,1,draft
shameless-game-tee,Shameless Pixel Tee — Token Maxxer's,"<p><strong>&ldquo;Bend every rule. Blink twice.&rdquo;</strong></p><p>Bend every rule. Daring card-battler pixel art with a sly skull. Original pixel-art design from Token Maxxer's Anonymous Game Studio. Printed big and bold, screen-print style.</p>",Token Maxxer's Anonymous Game Studio,T-Shirt,"pixel art tee, retro gaming tee, gamer shirt, gaming apparel, 8bit, video game fan, token maxxer, unisex shirt, graphic tee, geek gift, gamer gift, nerd fashion, card game, party game, skull shirt",FALSE,Title,Default Title,0,20.00,TRUE,TRUE,https://timothy8901.github.io/practice-games/shirt-prints/shameless-game-mockup.png,1,draft
